THE CROODS 2 Trailer (2020) A NEW AGE Animation Movie,Movie Coverage,5 days,3 minutes 39 seconds,5837312
Man destroys computer,Xhereon,13 years,27 seconds,12085301
What to expect if you encounter a wolf,myodfw,11 months,2 minutes 25 seconds,123
Kid Slams Teacher!!,Cayman Brown,7 years,16 seconds,7693265
lofi hip hop radio - beats to relax/study to,Random,3 hours,27 seconds,12321
One of the Best Dodgeball Dodges Ever!!!,Timmy Le,2 years,20 seconds,9274280
I Look Really Hot Until I Smile (Tik Tok Compilation),SSSniperWolf,5 months,10 minutes 16 seconds,7873364
New FORTNITE 3RD BIRTHDAY Items!! (Fortnite Season 4),Random,2 hours,9 minutes 18 seconds,21312
Schumer on Supreme Court Confirmation: â€˜Honor Ruth Bader Ginsburgâ€™s Dying Wishâ€™,Bloomberg QuickTake: Now,21 minutes,1 minute 2 seconds,120
What Amy Coney Barrett&#39;s Supreme Court nomination means for the 2020 election,CBS News,1 hour,11 minutes 50 seconds,11956
Schumer reacts to Trump nominating Amy Coney Barrett to the Supreme Court,Fox News,2 hours,2 minutes 8 seconds,57096
President Trump Selects Amy Coney Barrett As Supreme Court Nominee | NBC Nightly News,NBC News,2 hours,4 minutes 26 seconds,14532
Trump Says Senate Confirmation of Amy Coney Barrett Be Done Before Election,Bloomberg QuickTake: Now,57 minutes,41 seconds,7155
Amy Coney Barrett&#39;s former student credits judge for success,CBS News,2 hours,10 minutes 37 seconds,30070
Trump names Barrett as his Supreme Court pick,Reuters,2 hours,2 minutes 25 seconds,7713
Amy Coney Barrett: I pledge to be mindful of Ruth Bader Ginsburg&#39;s legacy,Fox News,3 hours,7 minutes 30 seconds,222427
ðŸ”´LIVE: President Trump Announces Nominee For Associate Justice of United States Supreme Court,Right Side Broadcasting Network Streamed,4 hours,2 minutes 25 seconds,120
Dog Gets Adopted and Totally Loses It,The Dodo,4 years,42 seconds,3868250
Tattooed bully acts cocky and gets knocked out by Ben Nguyen in 20 seconds!(Original official video),For Great Justice,5 years,43 seconds,56870878
Inside The $5 Billion Apple Headquarters,Tech Vision,2 weeks,5 minutes 55 seconds,3786676
BTS (ë°©íƒ„ì†Œë…„ë‹¨) &#39;Dynamite&#39; Official MV (Choreography ver.),Big Hit Labels,1 day,3 minutes 26 seconds,8128374
VFX Artists React to TRON Bad &amp; Great CGi,Corridor Crew,9 hours,5 minutes 55 seconds,57096
[1169] The Stakes Are High â€” Scotch Bottle Puzzle Solved,LockPickingLawyer,12 hours,4 minutes 49 seconds,461289
The Ultimate iOS 14 Homescreen Setup Guide!,Marques Brownlee,2 days,9 minutes 18 seconds,3409609
HOLO TACO MULTICHROME COLLECTION REVEALðŸ˜ˆ + Face Update,Simply Nailogical,10 hours,3 minutes 56 seconds,461289
Joining a Military Program,Tabbes,10 hours,3 minutes 21 seconds,7713
Travis Scott feat. Young Thug &amp; M.I.A. - FRANCHISE (Official Music Video),Travis Scott,1 day,3 minutes 56 seconds,7231637
Something About Kirby &amp; The Amazing Mirror ANIMATED (Loud Sound &amp; Flashing Lights Warning) âœž,TerminalMontage,1 day,8 minutes 48 seconds,1969356
Our virtual birthday party ft @Sultan Sketches,illymation,9 hours,9 minutes 9 seconds,132811
dog update,julien solomita,1 day,13 minutes 27 seconds,923687
10 Things Lil Baby Can&#39;t Live Without | GQ,GQ,1 day,4 minutes 56 seconds,777748
Joji - Your Man (Official Video),88rising,1 day,3 minutes 21 seconds,1262020
Funny Spongebob Scenes #1,maltesephillies15,8 years,14 minutes 16 seconds,2850065
DANCE TILL YOU&#39;RE DEAD,Tempex,1 week,3 minutes 20 seconds,1104431
Beating Minecraft But All Blocks Have Gravity...,Dream,8 months,31 seconds,2850065
You got cheese Original Video,Tesarion TV,11 months,23 seconds,12468709
&#39;Superman dive&#39; at finish line gives 400m hurdler dramatic victory,RT en EspaÃ±ol,1 year,31 seconds,15233714
Marine surprises his little sister at School,Valerie B.,2 years,1 minute 17 seconds,4419821
No Bake Honey Cheesecake,Nino&#39;s Home,1 week,10 minutes 3 seconds,3094035
Jack Black Performs His Legendary Sax-A-Boom with The Roots,The Tonight Show Starring Jimmy Fallon,2 years,2 minutes 22 seconds,59651802
6LACK Live From The Ledge,6LACK Streamed,4 weeks,5 minutes 47 seconds,8648424
Nas - &quot;Ultra Black&quot; (Official Video),Mass Appeal,1 month,3 minutes 22 seconds,3042291
BeyoncÃ© Blue Ivy SAINt JHN WizKid - BROWN SKIN GIRL (Official Video),BeyoncÃ©,1 month,6 minutes 12 seconds,15955818
6LACK ft. Lil Baby - Know My Rights (Official Visualizer),6LACK,1 month,3 minutes 13 seconds,1267221
Pharrell Williams - Entrepreneur (Official Video) ft. JAY-Z,Pharrell Williams,1 month,5 minutes 30 seconds,8648424
H.E.R. Performs &quot;I Can&#39;t Breathe&quot; &amp; &quot;Fate&quot; â€“ Live | 2020 Roots Picnic Virtual Experience,The Roots,2 months,11 minutes 42 seconds,2139394
DaBaby - ROCKSTAR ft. Roddy Ricch (BLM Remix) ft. Roddy Ricch,DaBaby,3 months,3 minutes 26 seconds,10435989
Public Enemy Is Joined By Nas Black Thought &amp; More For Rendition of Fight The Power | BET Awards 20,BETNetworks,2 months,5 minutes 47 seconds,1234039
Kiana LedÃ© - &quot;Dear Mr. President&quot;,Kiana LedÃ©,3 months,4 minutes 52 seconds,474420
Dax - BLACK LIVES MATTER (Official Music Video),Dax,3 months,3 minutes 20 seconds,4002037
Lil Baby - The Bigger Picture (Official Music Video),Lil Baby Official 4PF,3 months,4 minutes 17 seconds,80625322
Usher - I Cry (Official Video),Usher,2 months,3 minutes 47 seconds,9463700
